Furry-01,Furry-02,Furry-03,Furry-04,Furry-05,Furry-06,Furry-07,Furry-08,Furry-09,Furry-10,Furry-11,Furry-12,Furry-13,Furry-14,Furry-15,Furry-16,Furry-17,Furry-18,Furry-19,Furry-20,Furry-21,Furry-22,Furry-23,Furry-24,Homop-01,Homop-02,Homop-03,Homop-04,Homop-05,Homop-06,Homop-07,Homop-08,Homop-09,Homop-10,Homop-11,Homop-12,Homop-13,Homop-14,Homop-15,Homop-16,Homop-17,Homop-18,Homop-19,Homop-20,Trans-01,Trans-02,Trans-03,Trans-04,Trans-05,Trans-06,Trans-07,Trans-08,Trans-09,Trans-10,Trans-11,Trans-12,Trans-13,Trans-14,Trans-15,Trans-16,Trans-17,Trans-18,Trans-19,Trans-20,Trans-21,Trans-22,Perc_guess,Furry_id,Heterosexual_id,Transgender+_id,Homophobic_id,Transphobic_id,Politics,Location,Medium,Furry_unfavorability_raw,Homophobia_raw,Transphobia_raw,Furry_unfavorability_cat,Homophobia_cat,Transphobia_cat
2,3,4,2,2,2,2,5,3,2,4,3,3,4,4,1,3,5,3,2,2,4,3,2,5,5,5,5,1,4,5,5,5,2,5,4,4,5,1,1,5,5,5,5,1,1,5,4,1,1,1,1,3,1,1,5,4,1,5,5,5,5,5,5,1,5,70%-80%,Disagree,Disagree,Disagree,Disagree,Disagree,Moderate left,"Online or sent to me, and I'm taking this survey from outside the United States",On SurveySwap.io,3.45,4.8,1.5454545454545459,3,4,2
5,3,5,3,3,3,5,5,3,3,5,2,3,3,5,5,1,5,5,1,3,1,3,1,5,5,5,5,1,5,5,5,5,1,1,5,5,5,1,3,5,5,5,5,5,5,1,1,3,3,4,3,3,1,1,3,4,1,5,5,5,5,5,3,1,1,10%-20%,Disagree,Agree,Disagree,Disagree,Disagree,Moderate left,"Online or sent to me, and I'm taking this survey from outside the United States",On SurveySwap.io,2.85,4.7,2.727272727272727,3,4,3
4,3,3,4,4,3,2,2,1,4,2,1,4,2,3,4,1,2,4,2,2,2,3,4,5,5,5,5,1,5,5,5,5,3,5,5,5,5,2,3,3,5,5,5,1,1,5,5,2,2,5,2,4,1,1,5,4,4,5,5,5,5,5,5,4,5,60%-70%,Disagree,Disagree,Disagree,Disagree,Disagree,Moderate left,"Online or sent to me, and I'm taking this survey from outside the United States",On a Reddit post,2.3,4.65,1.5,2,4,2
2,4,5,1,2,3,4,3,4,2,3,3,5,4,5,1,3,5,4,4,2,3,4,5,5,5,5,5,1,5,5,5,5,1,5,4,5,5,1,1,3,5,5,5,1,2,5,3,1,1,5,1,2,2,1,4,5,5,5,5,5,5,3,4,1,5,30%-40%,Disagree,Agree,Disagree,Disagree,Disagree,Moderate left,"Online or sent to me, and I'm taking this survey from outside the United States",On a Reddit post,3.85,4.85,1.4090909090909092,4,4,1
1,3,4,1,2,4,4,5,4,2,5,3,4,2,3,1,2,5,4,2,2,3,4,3,4,5,4,4,2,4,5,4,4,2,4,3,4,5,1,2,4,4,4,4,2,1,3,3,1,2,5,1,2,2,2,4,4,4,4,4,4,5,4,4,2,5,30%-40%,Disagree,Agree,Disagree,Disagree,Disagree,Moderate right,"Online or sent to me, and I'm taking this survey from outside the United States",On a Reddit post,3.6,4.15,1.8181818181818183,4,4,2
2,2,2,2,4,3,2,3,2,3,3,1,4,2,2,4,2,3,4,1,3,3,3,3,4,4,4,4,2,4,4,3,5,2,4,4,1,4,2,3,4,4,4,3,2,2,2,1,2,2,4,2,5,3,3,3,4,2,4,4,4,3,4,3,2,4,40%-50%,Disagree,Agree,Disagree,Disagree,Disagree,Center,"Online or sent to me, and I'm taking this survey from outside the United States",On a Reddit post,2.45,3.75,2.6818181818181817,2,4,3
4,3,1,2,4,2,1,4,1,3,2,2,1,2,3,4,2,4,5,1,2,2,1,1,3,2,3,1,2,4,2,4,4,2,4,1,3,2,2,2,2,1,2,1,5,2,3,4,4,3,4,5,4,4,1,1,1,2,3,4,1,3,2,2,3,4,50%-60%,Disagree,Agree,Disagree,Unsure,Unsure,Moderate right,"Online or sent to me, and I'm taking this survey from outside the United States",On a Reddit post,2.05,2.75,3.409090909090909,2,3,3
1,4,4,1,1,4,4,2,2,4,4,3,4,3,4,1,3,2,3,2,2,1,2,4,4,5,5,5,1,5,5,2,4,4,4,2,4,5,1,2,2,5,4,4,1,2,3,2,1,1,5,1,5,1,1,2,4,3,4,4,4,4,5,4,2,5,80%-90%,Disagree,Agree,Disagree,Disagree,Disagree,Far left,"Online or sent to me, and I'm taking this survey from within the United States",On a Reddit post,3.15,4.05,2,3,4,2
1,3,4,1,2,3,2,4,3,3,5,5,5,4,4,1,3,4,3,4,3,3,4,4,4,5,5,4,1,5,5,4,5,2,4,4,5,5,1,3,4,5,5,5,3,3,3,3,2,3,4,4,5,3,3,3,4,3,5,4,4,4,4,4,3,5,NA,Disagree,Disagree,NA,Disagree,Disagree,Center,NA,On a Reddit post,3.75,4.55,2.590909090909091,4,4,3
3,4,5,1,3,5,5,5,3,2,5,5,5,5,5,1,4,5,4,3,2,3,5,4,4,5,3,4,2,4,2,2,4,5,4,2,4,5,4,2,5,3,4,2,3,3,2,2,2,3,3,1,3,2,2,1,2,4,5,3,5,4,2,5,1,3,30%-40%,Disagree,Agree,Disagree,Disagree,Disagree,Center,None of the above,On a Reddit post,4.25,3.4,2.590909090909091,4,3,3
5,3,4,1,2,2,4,5,3,3,2,3,4,3,3,2,4,5,4,3,3,3,3,1,4,5,4,4,1,5,2,4,5,2,3,5,4,4,1,3,5,5,4,4,3,3,3,2,2,2,3,3,3,3,3,3,3,4,4,5,4,4,3,3,1,4,20%-30%,Disagree,Disagree,Disagree,Disagree,Disagree,Moderate left,"Online or sent to me, and I'm taking this survey from within the United States",On a Reddit post,3.2,4.2,2.5454545454545454,3,4,3
5,4,5,1,1,5,5,5,5,1,5,4,5,5,5,2,5,5,3,5,1,5,5,5,5,5,5,5,1,5,5,5,5,1,5,5,5,5,1,3,5,5,5,5,1,1,5,5,1,1,5,1,1,1,1,5,5,5,5,5,5,5,5,5,1,5,20%-30%,Disagree,Disagree,Agree,Disagree,Disagree,NA,None of the above,On a Reddit post,4.8,4.9,1,4,4,1
2,3,2,1,1,4,4,4,3,2,5,5,5,2,4,1,3,5,3,4,1,5,4,3,5,5,5,5,1,3,2,3,5,1,5,3,5,5,1,1,5,5,5,4,1,1,3,3,1,2,5,3,2,1,1,3,3,5,5,5,5,5,5,5,1,5,70%-80%,Disagree,Agree,Disagree,Disagree,Disagree,Center,"Online or sent to me, and I'm taking this survey from outside the United States",On SurveySwap.io,4.1,4.5,1.5454545454545459,4,4,2
3,4,3,1,1,5,5,5,4,1,5,4,5,3,4,1,4,5,4,3,2,5,5,3,5,5,5,5,1,5,5,5,5,1,5,4,5,5,1,1,5,5,5,5,1,1,5,4,1,1,5,1,1,1,1,5,5,5,5,5,5,5,5,5,1,5,50%-60%,Disagree,Disagree,Disagree,Disagree,Disagree,Moderate left,"Online or sent to me, and I'm taking this survey from outside the United States",On a Reddit post,4.3,4.95,1.0454545454545459,4,4,1
1,1,3,1,4,1,1,1,1,5,1,1,1,1,1,5,1,1,5,1,5,1,1,3,3,4,5,5,1,5,5,4,5,1,5,5,5,5,1,NA,4,5,5,5,4,3,5,2,2,2,4,1,3,1,2,5,4,4,5,3,5,5,5,2,1,5,80%-90%,Disagree,Disagree,Disagree,Disagree,Unsure,Moderate left,"Online or sent to me, and I'm taking this survey from outside the United States",On SurveySwap.io,1.1500000000000004,4.7368421052631575,1.9545454545454541,1,4,2
2,5,5,1,1,2,5,5,5,1,5,5,5,5,5,2,3,5,2,5,1,3,5,5,5,5,5,5,1,5,5,5,5,1,5,5,5,5,1,1,4,5,5,5,2,2,4,4,1,1,5,1,3,1,1,5,5,5,5,5,5,5,5,5,1,5,20%-30%,Disagree,Agree,Disagree,Disagree,Disagree,Far left,"Online or sent to me, and I'm taking this survey from within the United States",On a Reddit post,4.55,4.95,1.2727272727272725,4,4,1
3,3,3,4,3,3,3,4,3,4,2,3,4,3,3,3,3,3,5,3,3,1,3,2,2,1,2,1,5,1,1,1,4,5,1,2,3,3,5,5,5,1,1,5,5,5,1,1,3,5,1,NA,4,5,NA,1,1,1,1,3,3,1,2,1,2,1,50%-60%,Disagree,Agree,Disagree,Unsure,Unsure,Center,"Online or sent to me, and I'm taking this survey from outside the United States",On a Reddit post,2.75,1.9000000000000004,4.45,3,2,4
1,5,4,2,2,2,2,5,2,1,2,2,5,4,5,1,2,5,4,2,2,2,5,5,5,5,5,5,1,5,5,5,5,1,5,5,5,5,1,1,5,5,5,5,1,2,4,2,1,1,5,1,4,4,4,5,5,5,5,5,5,5,5,5,1,5,80%-90%,Disagree,Disagree,Disagree,Disagree,Disagree,Center,"Online or sent to me, and I'm taking this survey from outside the United States",On a Reddit post,3.5,5,1.6363636363636367,4,4,2
2,3,3,2,2,4,4,2,4,2,2,2,3,2,3,2,4,4,2,4,2,2,2,4,3,4,3,3,3,3,3,3,3,2,3,3,3,4,3,3,3,3,3,3,3,3,3,3,3,3,3,3,3,3,3,3,3,3,3,3,3,3,3,3,3,3,10%-20%,Unsure,Disagree,Disagree,Unsure,Unsure,Center,None of the above,On a Reddit post,3.3,3.15,3,3,3,3
2,3,5,4,3,4,4,4,4,1,4,3,2,5,4,2,3,4,3,2,2,2,2,3,5,5,3,3,1,3,5,4,5,1,5,4,5,5,1,1,4,5,5,5,1,1,3,3,NA,4,4,1,2,3,2,5,5,4,3,5,5,5,3,5,3,5,50%-60%,Disagree,Agree,Unsure,Disagree,Disagree,Far left,"Online or sent to me, and I'm taking this survey from outside the United States",On a Reddit post,3.45,4.55,1.904761904761905,3,4,2
2,4,5,1,1,5,5,5,3,1,5,4,5,5,5,2,5,5,2,5,2,5,5,5,5,5,5,5,1,5,5,5,5,1,5,5,5,5,1,2,5,5,5,5,1,1,5,5,1,1,5,1,1,1,1,5,5,5,5,5,5,5,5,5,3,5,0%-10%,Disagree,Agree,Disagree,Disagree,Disagree,Moderate left,None of the above,On a Reddit post,4.7,4.95,1.0909090909090908,4,4,1
4,1,4,2,3,2,2,5,2,3,2,1,3,3,3,3,2,5,5,1,3,3,3,2,5,5,4,5,1,5,5,4,5,1,5,4,1,5,1,2,5,5,5,5,1,1,4,3,2,2,4,2,2,2,1,3,4,4,5,5,5,5,4,5,2,5,80%-90%,Disagree,Agree,Disagree,Disagree,Disagree,Moderate left,"Online or sent to me, and I'm taking this survey from outside the United States",On SurveySwap.io,2.6,4.6,1.6818181818181817,3,4,2
NA,NA,NA,NA,NA,NA,NA,NA,NA,NA,NA,NA,NA,NA,NA,NA,NA,NA,NA,NA,NA,NA,NA,NA,NA,NA,NA,NA,NA,NA,NA,NA,NA,NA,NA,NA,NA,NA,NA,NA,NA,NA,NA,NA,NA,NA,NA,NA,NA,NA,NA,NA,NA,NA,NA,NA,NA,NA,NA,NA,NA,NA,NA,NA,NA,NA,NA,NA,NA,NA,NA,NA,NA,NA,NA,NA,NA,NA,NA,NA,NA
5,3,2,1,1,4,3,3,2,2,4,2,5,3,4,4,3,3,5,2,2,4,3,5,5,5,5,5,1,4,5,2,4,2,4,3,2,5,1,3,4,5,5,4,3,3,3,3,2,2,3,2,2,3,2,3,3,2,5,4,5,5,3,5,5,5,0%-10%,Disagree,Agree,Disagree,Disagree,Disagree,Center,None of the above,On SurveySwap.io,3.3,4.2,2.409090909090909,3,4,2
3,2,2,3,3,2,3,5,2,4,2,1,2,3,3,3,4,5,4,2,3,1,4,1,2,4,1,1,5,1,1,1,1,5,1,1,1,1,5,5,4,1,1,1,5,5,1,1,5,5,1,5,5,5,5,2,1,1,1,2,1,4,1,1,5,1,10%-20%,Disagree,Agree,Disagree,Agree,Agree,Moderate right,"Online or sent to me, and I'm taking this survey from outside the United States",On a Reddit post,2.65,1.3499999999999996,4.7727272727272725,3,1,4
2,2,2,2,2,2,2,2,2,2,2,2,2,2,2,2,2,2,2,2,2,2,2,2,3,3,3,2,3,3,3,3,3,3,3,3,3,3,3,3,3,3,3,3,3,3,3,3,3,2,3,3,3,3,3,3,3,3,3,3,3,3,3,3,3,3,0%-10%,Disagree,Unsure,Disagree,Unsure,Unsure,Center,None of the above,None of the above,2.5,2.95,2.9545454545454546,3,3,3
2,5,3,1,2,5,4,5,5,1,4,4,4,4,3,2,4,4,4,4,2,4,5,3,5,4,5,5,1,5,5,5,5,1,5,3,5,5,1,3,5,5,5,5,1,2,5,5,2,1,5,2,2,3,3,2,4,5,5,5,5,4,5,5,3,4,70%-80%,Disagree,Agree,Disagree,Disagree,Disagree,Moderate left,None of the above,On a Reddit post,4.05,4.75,1.7272727272727275,4,4,2
2,3,4,2,2,4,2,3,2,4,4,5,5,3,3,2,1,3,4,2,3,4,4,4,5,5,4,4,1,3,5,2,4,2,3,3,3,5,1,2,3,5,2,2,2,2,3,4,2,2,4,1,3,5,4,4,5,2,4,5,5,5,4,3,2,5,60%-70%,Disagree,Agree,Disagree,Disagree,Disagree,Center,"Online or sent to me, and I'm taking this survey from outside the United States",On a Reddit post,3.2,3.8,2.1818181818181817,3,4,2
4,3,4,2,3,4,3,4,3,3,3,2,4,3,3,4,2,4,5,2,3,2,3,4,5,4,5,5,1,5,4,5,5,1,5,5,5,5,1,2,4,5,5,5,1,1,5,3,1,1,5,1,1,3,2,3,5,5,5,4,5,4,5,5,1,5,50%-60%,Disagree,Unsure,Disagree,Disagree,Disagree,Moderate left,"Online or sent to me, and I'm taking this survey from outside the United States",On a Reddit post,2.9,4.8,1.4090909090909092,3,4,1
3,3,3,3,5,3,3,3,3,3,3,3,3,3,5,3,5,3,3,3,3,3,3,3,3,3,3,3,3,3,3,3,3,3,3,3,3,3,3,3,3,3,3,3,3,3,3,3,3,3,3,3,3,3,3,3,3,3,3,3,3,3,3,3,3,3,40%-50%,Disagree,Disagree,Disagree,Disagree,Disagree,Center,None of the above,On a poster,3.1,3,3,3,3,3
4,5,5,1,1,5,5,5,5,1,4,5,5,5,5,1,1,5,3,4,4,2,5,2,5,5,5,5,1,5,5,5,5,1,5,5,5,5,1,1,5,5,5,5,1,1,5,5,1,1,5,1,1,1,1,5,5,5,5,5,5,5,5,5,1,5,20%-30%,Disagree,Disagree,Disagree,Disagree,Disagree,Moderate left,"Online or sent to me, and I'm taking this survey from outside the United States",On SurveySwap.io,4.15,5,1,4,4,1
2,3,5,1,1,4,4,3,4,3,4,3,3,2,3,1,2,3,3,3,1,4,5,5,5,5,5,5,1,5,5,5,5,1,5,3,5,5,1,1,2,5,5,5,1,1,5,5,1,1,5,1,4,1,3,3,5,5,5,5,5,5,5,5,1,5,50%-60%,Disagree,Disagree,Agree,Disagree,Disagree,Moderate left,"Online or sent to me, and I'm taking this survey from outside the United States",On a Reddit post,3.65,4.75,1.3181818181818183,4,4,1
3,4,4,3,3,3,4,4,4,4,3,4,3,4,3,4,5,4,4,4,5,4,4,4,1,3,4,2,2,2,2,2,3,3,1,3,2,3,3,2,2,2,2,2,2,4,3,2,3,2,2,3,2,3,2,3,3,3,2,3,2,4,2,3,3,3,40%-50%,Disagree,Unsure,Disagree,Disagree,Disagree,Moderate left,Downtown Salem or Minto Brown Park,On a Reddit post,3.35,2.5,3.0454545454545454,3,3,3
2,4,4,2,2,2,4,4,3,2,4,4,4,2,4,2,3,4,4,4,2,4,4,4,3,4,4,4,4,2,4,2,4,2,3,2,4,4,3,3,4,4,4,2,2,2,2,2,2,4,2,2,4,4,4,2,4,4,2,3,2,3,4,4,2,2,30%-40%,Disagree,Agree,Disagree,Disagree,Disagree,Center,"Online or sent to me, and I'm taking this survey from outside the United States",On SurveySwap.io,3.6,3.3,3.090909090909091,4,3,3
3,3,3,1,5,4,4,5,4,1,5,5,4,5,5,1,5,5,3,5,3,2,3,4,5,5,5,5,1,5,4,3,5,1,5,4,5,5,1,1,5,5,5,5,1,1,5,3,1,1,5,1,2,3,1,3,5,2,5,5,5,5,2,5,1,5,10%-20%,Disagree,Agree,Unsure,Disagree,Disagree,Center,"Online or sent to me, and I'm taking this survey from outside the United States",On SurveySwap.io,4.1,4.8,1.5909090909090908,4,4,2
1,1,1,1,1,2,1,1,2,1,2,3,1,1,1,1,1,3,5,1,1,3,1,1,5,5,5,5,5,5,5,5,3,1,1,1,5,5,1,1,5,5,5,5,5,5,5,5,3,5,1,5,5,1,1,1,1,1,5,5,3,3,1,1,1,5,20%-30%,Disagree,Agree,Disagree,Disagree,Disagree,Center,None of the above,On a Reddit post,2.25,4.3,3.272727272727273,2,4,3
5,4,5,1,1,4,5,5,5,2,4,4,3,3,4,2,5,5,4,5,2,3,4,4,5,2,5,1,1,1,5,2,4,1,2,4,5,5,1,1,2,5,5,5,1,1,4,5,3,5,1,4,4,4,3,1,4,2,5,5,4,2,4,1,2,5,0%-10%,Disagree,Agree,Disagree,Disagree,Disagree,Center,"Online or sent to me, and I'm taking this survey from outside the United States",On a Reddit post,4.1,3.9,2.8181818181818183,4,4,3
5,4,4,2,1,5,4,5,4,3,5,4,5,4,4,4,3,5,3,5,3,5,3,4,5,5,3,5,5,5,5,5,5,1,5,4,5,5,5,1,5,5,5,5,3,4,2,5,1,2,3,2,5,5,4,2,5,3,5,5,5,5,3,5,5,5,10%-20%,Disagree,Agree,Disagree,Disagree,Disagree,Moderate right,None of the above,On a Reddit post,4.05,4.45,2.5454545454545454,4,4,3
1,3,3,2,3,2,4,4,4,4,2,2,4,2,3,2,1,4,4,3,3,1,5,2,5,4,5,5,1,5,5,5,5,1,5,5,5,5,1,2,5,5,5,5,1,1,5,3,1,1,5,1,1,2,1,4,4,5,5,5,4,5,5,5,2,5,50%-60%,Disagree,Agree,Disagree,Disagree,Disagree,Moderate left,None of the above,On SurveySwap.io,2.85,4.9,1.3181818181818183,3,4,1
4,2,4,2,4,2,1,5,3,3,2,1,5,3,3,5,1,4,5,2,3,3,5,5,4,4,5,3,1,5,3,2,4,4,2,2,4,5,4,3,5,1,4,2,5,4,4,5,1,3,2,4,3,5,5,5,2,3,3,3,2,4,5,3,3,1,30%-40%,Disagree,Agree,Disagree,Disagree,Disagree,Moderate right,"Online or sent to me, and I'm taking this survey from within the United States",On SurveySwap.io,2.75,3.35,3.1363636363636362,3,3,3
4,3,3,2,3,1,2,5,3,3,2,4,4,3,3,3,2,5,5,2,3,2,3,4,5,4,4,5,1,5,5,5,5,1,5,3,5,5,1,2,5,5,3,5,3,3,3,3,3,3,3,5,5,3,4,2,3,3,5,5,3,4,2,3,3,3,20%-30%,Disagree,Agree,Disagree,Disagree,Disagree,Center,None of the above,On SurveySwap.io,2.9,4.65,3.090909090909091,3,4,3
1,4,4,1,1,2,2,5,4,2,2,5,5,4,4,2,4,5,3,4,1,1,5,3,5,5,5,5,1,5,5,1,5,1,5,4,5,5,1,2,5,5,5,5,1,1,5,5,2,2,5,1,5,1,1,5,5,5,5,5,5,5,5,5,1,5,60%-70%,Disagree,Agree,Agree,Disagree,Disagree,Moderate left,"Online or sent to me, and I'm taking this survey from outside the United States",On a Reddit post,3.8,4.7,1.2727272727272725,4,4,1
2,4,5,2,2,5,4,4,4,1,5,4,5,4,3,1,2,5,3,4,2,4,3,4,5,5,5,5,1,5,5,5,5,5,5,5,5,5,1,1,4,5,5,5,1,1,3,3,1,1,5,1,2,4,4,3,5,1,5,5,5,5,5,5,1,5,60%-70%,Disagree,Disagree,Disagree,Disagree,Disagree,Center,"Online or sent to me, and I'm taking this survey from outside the United States",On SurveySwap.io,4.05,4.75,1.7727272727272725,4,4,2
5,2,3,5,2,2,3,5,4,3,2,1,2,2,2,2,2,5,5,3,3,2,3,4,4,5,4,5,1,4,3,5,5,1,5,3,5,5,3,1,5,5,5,5,3,4,5,5,1,5,5,1,3,3,4,3,5,4,4,4,4,5,3,5,1,5,40%-50%,Disagree,Agree,Disagree,Disagree,Disagree,Center,"Online or sent to me, and I'm taking this survey from outside the United States",On SurveySwap.io,2.85,4.55,2.090909090909091,3,4,2
5,3,4,1,3,4,5,5,5,3,4,5,5,4,4,1,3,5,3,4,1,2,3,3,5,5,5,5,5,5,5,4,5,1,5,5,5,5,2,1,3,5,5,5,2,2,5,5,1,1,5,1,2,3,2,3,3,4,5,5,4,5,5,4,1,3,10%-20%,Disagree,Disagree,Disagree,Disagree,Disagree,Moderate left,"Online or sent to me, and I'm taking this survey from outside the United States",On a Reddit post,4,4.6,1.6818181818181817,4,4,2
3,3,3,NA,3,3,3,NA,3,NA,3,3,3,3,3,NA,2,3,4,3,NA,3,3,3,5,5,3,5,1,5,3,5,5,5,3,4,5,1,1,1,4,5,3,5,1,3,3,3,3,1,4,1,3,1,3,3,1,5,NA,5,5,5,5,5,1,5,50%-60%,Disagree,Agree,Disagree,Disagree,Disagree,Moderate right,"Online or sent to me, and I'm taking this survey from outside the United States",On a Reddit post,2.875,4.1,1.904761904761905,3,4,2
2,3,5,1,2,2,3,5,4,3,3,4,4,4,5,2,2,5,3,3,2,3,4,2,5,5,5,4,1,5,5,NA,3,1,5,2,5,5,1,1,4,5,5,5,1,1,5,4,2,1,5,1,3,2,1,4,5,4,5,5,5,5,5,5,1,4,50%-60%,Disagree,Disagree,Disagree,Disagree,Disagree,Moderate left,"Online or sent to me, and I'm taking this survey from outside the United States",On a Reddit post,3.55,4.631578947368421,1.3636363636363633,4,4,1
3,2,3,3,4,2,2,4,2,4,2,2,2,2,2,3,2,5,4,2,2,1,2,1,5,5,3,5,1,2,3,3,5,3,3,5,4,5,1,2,5,5,4,3,3,3,5,4,1,4,3,1,1,1,1,4,5,4,3,5,5,5,1,3,2,5,50%-60%,Disagree,Agree,Disagree,Disagree,Disagree,Far left,"Online or sent to me, and I'm taking this survey from outside the United States",On a Reddit post,2.3,4.1,1.9545454545454541,2,4,2
3,1,3,3,3,3,2,3,2,4,2,4,3,2,1,3,2,3,4,1,3,2,1,3,3,3,3,3,2,3,3,3,3,3,3,3,3,3,2,2,3,3,3,3,3,3,3,3,3,3,3,1,3,3,3,3,3,2,3,3,3,3,3,3,3,3,20%-30%,Disagree,Unsure,Unsure,Disagree,Disagree,Center,"Online or sent to me, and I'm taking this survey from outside the United States",On a Reddit post,2.35,3.15,2.9545454545454546,2,3,3
2,4,5,1,1,5,5,5,5,1,5,5,5,4,5,1,5,5,3,5,1,5,5,5,5,5,5,5,1,5,5,5,5,1,5,NA,5,5,1,1,3,5,NA,5,1,1,5,5,NA,1,5,1,1,1,1,5,5,5,5,5,5,5,5,5,NA,5,60%-70%,Disagree,Disagree,Agree,Disagree,Disagree,Moderate left,"Online or sent to me, and I'm taking this survey from outside the United States",On a Reddit post,4.85,4.888888888888889,1,4,4,1
5,3,3,2,3,2,3,4,3,4,2,5,3,3,4,2,1,3,2,2,4,1,3,2,5,5,3,5,2,5,5,3,4,1,5,2,5,5,2,1,4,3,5,5,5,1,5,5,3,3,5,1,4,1,2,4,5,5,5,5,5,5,3,5,3,5,10%-20%,Disagree,Agree,Unsure,Disagree,Disagree,Center,"Online or sent to me, and I'm taking this survey from outside the United States",On a Reddit post,2.8,4.35,1.7727272727272725,3,4,2
1,5,5,5,5,5,5,5,5,2,5,5,5,3,5,2,2,5,2,5,1,2,5,3,5,5,5,5,1,5,5,5,5,1,5,5,5,5,1,1,5,5,5,5,1,1,5,5,1,1,5,1,1,1,1,1,5,5,5,5,5,5,5,5,1,5,30%-40%,Disagree,Agree,Disagree,Disagree,Disagree,Far left,"Online or sent to me, and I'm taking this survey from within the United States",On a Reddit post,4.15,5,1.1818181818181817,4,4,1
3,3,4,2,3,3,3,4,3,3,3,3,4,3,3,4,4,4,4,2,3,2,3,4,5,5,5,5,1,3,5,5,5,1,5,5,5,5,1,1,5,5,5,5,2,2,5,3,1,1,5,1,1,3,1,5,5,5,5,5,5,5,5,5,1,5,10%-20%,Disagree,Agree,Disagree,Disagree,Disagree,Moderate left,"Online or sent to me, and I'm taking this survey from outside the United States",On SurveySwap.io,3.05,4.9,1.2727272727272725,3,4,1
3,4,3,1,1,5,5,5,3,1,5,5,4,4,5,1,5,5,3,5,2,5,5,2,5,5,5,5,1,5,5,5,5,1,5,5,5,5,1,1,5,5,5,5,1,1,4,4,1,1,1,1,3,1,1,5,5,5,5,5,5,5,5,5,1,5,30%-40%,Disagree,Agree,Disagree,Disagree,Disagree,Moderate left,"Online or sent to me, and I'm taking this survey from outside the United States",On a Reddit post,4.5,5,1.3636363636363633,4,4,1
NA,3,5,1,2,4,4,5,5,2,4,3,5,5,5,2,3,5,3,4,2,3,5,3,5,5,5,5,1,5,4,4,5,2,5,3,5,5,1,2,4,5,5,5,2,2,4,3,2,1,5,2,2,2,3,4,4,4,5,5,5,5,5,5,3,5,20%-30%,Disagree,Agree,Disagree,Disagree,Disagree,Far left,None of the above,On a Reddit post,4.1,4.65,1.7272727272727275,4,4,2
2,4,4,2,2,4,4,4,3,2,3,4,4,3,4,3,4,4,3,3,2,5,3,4,5,5,5,5,1,5,5,5,5,1,4,3,5,5,1,1,5,5,5,5,1,5,4,5,2,1,5,1,1,1,2,3,5,4,5,5,5,5,5,5,3,5,10%-20%,Disagree,Agree,Disagree,Disagree,Disagree,Moderate left,"Online or sent to me, and I'm taking this survey from outside the United States",On SurveySwap.io,3.7,4.85,1.5454545454545459,4,4,2
3,4,2,3,2,4,4,2,3,2,4,4,3,2,3,2,4,4,2,3,4,2,2,4,2,3,2,2,5,2,5,2,3,2,1,3,3,5,5,4,5,1,3,2,5,3,3,4,2,2,4,2,4,2,1,4,3,4,1,3,4,2,4,2,2,2,50%-60%,Disagree,Agree,Disagree,Disagree,Disagree,NA,None of the above,On a Reddit post,3.3,2.6,2.772727272727273,3,3,3
3,2,3,2,3,3,2,4,3,3,3,3,3,2,4,3,1,4,3,2,3,3,4,3,4,5,4,5,1,5,5,5,5,3,3,4,5,5,1,1,3,5,5,5,1,1,5,5,1,1,2,1,3,2,1,4,5,5,3,5,5,5,4,5,3,5,30%-40%,Disagree,Disagree,Agree,Disagree,Disagree,Far left,"Online or sent to me, and I'm taking this survey from within the United States",On a Reddit post,2.95,4.55,1.5454545454545459,3,4,2
1,3,5,2,3,3,2,5,4,5,4,2,5,2,4,2,1,4,4,1,4,5,5,3,5,5,5,5,5,5,5,5,5,3,5,2,5,5,1,1,4,5,5,5,5,1,5,5,1,1,5,1,5,1,2,5,5,5,5,5,5,5,5,5,1,5,80%-90%,Disagree,Disagree,Disagree,Disagree,Disagree,Center,"Online or sent to me, and I'm taking this survey from within the United States",On a Reddit post,3.1,4.5,1.4090909090909092,3,4,1
3,3,1,2,3,4,2,4,2,4,4,1,2,2,3,2,1,5,4,1,4,1,2,2,5,5,5,5,1,5,5,2,3,2,5,3,5,5,1,3,5,5,5,5,4,4,4,2,1,3,5,4,2,5,2,2,4,3,5,5,4,5,4,5,1,5,80%-90%,Disagree,Agree,Disagree,Disagree,Disagree,Moderate right,"Online or sent to me, and I'm taking this survey from outside the United States",On SurveySwap.io,2.45,4.5,2.3181818181818183,2,4,2
3,2,4,1,1,5,5,5,5,2,4,5,3,4,2,1,5,5,2,5,1,5,5,3,5,5,3,4,1,5,4,5,5,3,1,1,5,5,1,1,5,1,5,5,1,1,5,5,1,1,5,1,1,2,2,5,5,5,5,5,5,5,3,4,1,5,40%-50%,Disagree,Unsure,Agree,Disagree,Disagree,Far left,"Online or sent to me, and I'm taking this survey from outside the United States",On a Reddit post,4.45,4.1,1.2272727272727275,4,4,1
3,4,3,2,2,3,2,5,3,4,4,2,2,2,5,2,1,5,4,2,3,1,4,4,5,5,5,5,1,5,5,5,5,1,5,5,5,5,1,1,5,5,5,5,1,1,3,3,1,1,5,1,4,2,4,3,5,5,5,5,5,5,5,4,1,5,60%-70%,Disagree,Unsure,Disagree,Disagree,Disagree,Moderate left,"Online or sent to me, and I'm taking this survey from outside the United States",On SurveySwap.io,3,5,1.6363636363636367,3,4,2
1,3,5,2,2,5,2,5,4,4,3,2,5,4,3,5,2,5,5,2,3,1,5,5,5,5,4,4,1,5,4,4,5,2,4,3,5,5,1,2,1,5,5,5,3,3,3,3,2,2,4,1,3,5,4,3,4,2,4,5,5,4,3,4,4,4,20%-30%,Disagree,Agree,Disagree,Disagree,Disagree,Center,"Online or sent to me, and I'm taking this survey from outside the United States",On SurveySwap.io,3.2,4.35,2.590909090909091,3,4,3
1,3,3,5,3,1,3,2,4,4,4,4,2,2,1,1,1,1,3,4,2,1,5,1,5,5,5,5,1,3,5,4,5,3,4,2,4,5,1,1,2,4,5,4,1,1,5,4,2,2,5,1,5,4,5,3,4,4,4,5,3,5,5,5,1,4,70%-80%,Disagree,Disagree,Agree,Disagree,Disagree,Moderate left,None of the above,On SurveySwap.io,2.65,4.25,2,3,4,2
4,4,4,3,2,4,2,3,3,3,3,3,2,3,1,3,2,2,2,4,4,2,2,4,4,2,2,4,4,2,4,2,3,1,2,3,4,2,2,2,3,3,4,2,4,2,4,3,3,3,2,4,3,2,2,2,4,2,4,4,3,3,3,4,4,3,10%-20%,Disagree,Agree,Disagree,Agree,Disagree,Moderate right,"Online or sent to me, and I'm taking this survey from within the United States",On a Reddit post,2.8,3.05,2.909090909090909,3,3,3
1,2,5,1,5,1,1,5,4,5,1,1,4,2,2,5,1,5,5,1,3,1,4,3,5,5,5,5,1,5,5,5,5,3,5,5,5,5,1,2,5,5,5,5,1,1,5,4,1,2,5,1,3,1,1,5,5,5,3,5,4,5,5,4,3,5,70%-80%,Disagree,Agree,Disagree,Disagree,Disagree,Moderate left,"Online or sent to me, and I'm taking this survey from outside the United States",On SurveySwap.io,2.15,4.85,1.4545454545454541,2,4,1
2,3,4,2,2,3,5,4,3,3,4,5,5,5,4,4,3,4,3,2,2,4,5,4,5,5,5,5,1,5,5,5,5,1,5,4,5,5,1,1,5,5,5,5,1,1,4,4,1,1,5,1,2,1,1,5,5,5,5,5,5,5,5,5,1,5,70%-80%,Disagree,Disagree,Disagree,Disagree,Disagree,Moderate left,None of the above,On SurveySwap.io,3.8,4.95,1.1363636363636367,4,4,1
1,1,3,2,5,1,1,3,1,5,1,1,1,1,1,5,1,3,5,1,5,1,1,1,5,4,5,5,3,5,5,5,5,1,3,3,5,5,3,1,5,4,3,5,3,5,3,3,3,5,1,3,5,5,5,1,1,5,3,3,4,3,1,4,1,3,80%-90%,Disagree,Agree,Disagree,Disagree,Disagree,Moderate right,"Online or sent to me, and I'm taking this survey from outside the United States",On SurveySwap.io,1.2000000000000002,4.4,3.5454545454545454,1,4,4
3,3,5,3,4,2,3,5,3,3,2,4,4,3,3,2,2,3,4,2,4,3,5,3,5,5,5,5,1,5,5,5,5,2,5,5,5,5,1,1,5,5,5,5,3,3,3,3,1,2,5,1,1,1,1,2,5,4,5,5,5,5,3,5,1,5,60%-70%,Disagree,Disagree,Disagree,Disagree,Disagree,Moderate left,None of the above,On SurveySwap.io,3,4.95,1.6818181818181817,3,4,2
3,4,4,2,2,4,3,4,4,2,4,3,4,4,5,2,2,4,3,4,2,4,5,5,5,5,5,5,1,5,5,5,3,2,4,5,5,5,1,1,5,5,5,5,1,2,5,5,2,1,1,1,2,1,2,2,5,4,5,5,5,5,5,5,1,5,20%-30%,Disagree,Agree,Disagree,Disagree,Disagree,Center,None of the above,On SurveySwap.io,3.9,4.8,1.5454545454545459,4,4,2
3,3,3,1,1,4,5,5,2,1,3,4,5,3,4,1,3,5,2,4,3,3,4,4,4,4,3,5,1,5,3,4,3,4,4,1,5,5,1,3,4,5,3,5,2,1,3,5,4,2,3,4,4,3,3,3,3,2,5,3,3,4,3,5,1,5,40%-50%,Disagree,Agree,Disagree,Disagree,Disagree,Center,"Online or sent to me, and I'm taking this survey from outside the United States",On a Reddit post,4,3.9,2.5,4,4,3
3,2,4,1,1,4,5,5,5,1,4,4,5,4,4,2,2,5,1,5,3,1,4,1,5,5,4,5,1,5,5,4,5,2,5,2,5,5,1,1,5,5,5,5,3,3,3,2,2,2,3,2,4,3,2,2,4,4,5,5,4,5,4,4,2,4,60%-70%,Unsure,Disagree,Disagree,Disagree,Disagree,Center,"Online or sent to me, and I'm taking this survey from outside the United States",On SurveySwap.io,4,4.7,2.3636363636363638,4,4,2
2,3,4,2,2,4,4,4,3,3,4,4,4,2,3,2,2,4,4,4,3,3,4,2,4,4,2,3,2,4,4,3,5,4,3,2,4,4,4,3,4,4,4,4,4,3,3,3,2,2,3,2,4,3,3,1,3,4,5,3,4,4,2,4,2,4,0%-10%,Disagree,Agree,Disagree,Disagree,Unsure,Center,None of the above,On a Reddit post,3.35,3.45,2.727272727272727,3,3,3
1,5,3,2,2,5,5,5,5,2,5,5,5,4,5,3,4,5,3,5,4,4,5,5,5,5,5,5,1,5,3,5,5,4,5,2,5,5,1,1,2,5,5,5,1,1,5,5,1,1,5,1,2,2,2,5,5,5,5,5,5,5,5,5,1,5,60%-70%,Disagree,Disagree,Agree,Disagree,Disagree,Far left,"Online or sent to me, and I'm taking this survey from within the United States",On a Reddit post,4.4,4.45,1.1363636363636367,4,4,1
1,1,1,5,5,1,1,3,1,5,1,1,1,1,2,5,1,2,5,1,5,1,1,1,3,5,4,5,1,4,3,1,5,4,2,3,5,5,1,1,1,5,3,4,5,5,2,1,3,NA,2,2,5,4,3,1,1,1,4,2,2,4,1,3,4,2,90%-100%,Disagree,Agree,Disagree,Disagree,Disagree,Moderate right,"Online or sent to me, and I'm taking this survey from within the United States",On a Reddit post,1.2000000000000002,3.75,3.9523809523809526,1,4,4
4,3,1,5,4,2,1,3,4,5,2,1,4,2,4,5,1,4,5,2,4,1,1,4,2,4,4,2,3,2,4,1,4,4,1,4,5,5,1,1,4,5,4,2,2,4,2,4,2,5,5,5,4,4,5,2,1,2,4,2,5,4,2,1,4,4,80%-90%,Disagree,Agree,Disagree,Disagree,Disagree,Moderate right,"Online or sent to me, and I'm taking this survey from outside the United States",On a Reddit post,2.15,3.4,3.409090909090909,2,3,3
2,4,3,2,2,2,2,5,3,4,3,4,4,2,5,2,4,5,4,2,1,3,4,4,5,5,5,5,1,5,5,4,5,3,5,4,5,5,1,1,4,5,4,5,1,1,4,5,1,2,4,1,4,4,3,2,5,5,5,4,5,5,5,5,5,3,20%-30%,Disagree,Disagree,Disagree,Disagree,Disagree,Center,"Online or sent to me, and I'm taking this survey from outside the United States",On a Reddit post,3.45,4.7,1.9545454545454541,3,4,2
2,5,5,1,1,5,5,5,4,1,5,5,5,4,4,1,5,5,1,5,3,3,5,4,4,4,5,5,1,5,4,5,5,1,5,5,5,5,1,1,5,5,5,5,2,2,4,3,1,1,4,1,2,1,2,4,5,4,5,4,5,5,5,5,1,5,30%-40%,Disagree,Agree,Disagree,Disagree,Disagree,Far left,Downtown Salem or Minto Brown Park,On a tee shirt worn by a student,4.6,4.85,1.5,4,4,2
5,4,3,2,3,4,4,4,2,2,5,4,5,3,4,1,2,5,5,3,2,2,5,4,5,5,5,5,1,5,5,5,5,1,5,5,5,5,1,1,5,5,5,5,1,1,5,5,1,1,5,1,1,1,1,5,5,5,5,5,5,5,5,5,1,5,50%-60%,Disagree,Agree,Disagree,Disagree,Disagree,Moderate left,"Online or sent to me, and I'm taking this survey from outside the United States",On a Reddit post,3.65,5,1,4,4,1
2,4,5,1,1,4,4,5,5,1,5,5,5,5,4,1,3,5,2,2,1,2,3,3,4,5,5,5,1,5,5,2,5,3,4,2,3,5,1,1,2,5,5,5,2,2,5,1,1,1,5,2,5,5,3,5,5,5,5,5,4,5,5,3,1,4,50%-60%,Disagree,Agree,Disagree,Disagree,Disagree,Far left,"Online or sent to me, and I'm taking this survey from within the United States",On a Reddit post,4.2,4.25,1.9545454545454541,4,4,2
3,4,3,2,2,4,4,5,4,2,4,3,3,4,4,1,4,5,3,4,2,3,5,3,4,4,3,4,2,4,4,4,3,3,3,2,4,5,2,2,5,4,4,4,3,3,4,3,1,2,3,1,2,2,3,3,3,4,4,4,4,4,3,4,2,3,40%-50%,Disagree,Unsure,Disagree,Disagree,Unsure,Center,"Online or sent to me, and I'm taking this survey from outside the United States",On a Reddit post,3.95,3.8,2.3181818181818183,4,4,2
5,3,4,5,4,3,4,4,1,5,2,3,4,4,4,3,1,3,5,1,4,1,3,2,5,5,5,5,1,5,5,5,5,2,5,5,4,5,1,1,5,5,5,5,3,3,4,1,1,2,4,1,5,5,5,1,5,5,5,5,3,5,1,2,2,4,80%-90%,Disagree,Agree,Disagree,Disagree,Unsure,Moderate left,"Online or sent to me, and I'm taking this survey from outside the United States",On a Reddit post,2.45,4.9,2.727272727272727,2,4,3
3,3,2,1,1,3,1,2,3,2,2,3,3,1,3,3,3,5,3,3,3,3,3,3,2,3,3,3,3,3,3,3,3,3,3,3,3,3,3,5,3,3,3,3,3,3,2,3,3,3,3,3,3,3,3,3,3,3,3,3,3,2,3,3,3,4,0%-10%,Disagree,Agree,Disagree,Agree,Agree,Center,None of the above,On a Reddit post,2.95,2.85,3.0454545454545454,3,3,3
4,3,3,1,2,3,3,5,4,1,4,5,3,3,3,2,5,5,3,3,3,3,3,3,5,5,5,5,1,5,5,5,5,1,5,5,5,5,1,1,5,5,5,5,1,1,5,5,1,1,5,1,1,1,1,5,5,5,5,5,5,5,5,5,1,5,NA,Disagree,Agree,Disagree,Disagree,Disagree,Moderate left,"Online or sent to me, and I'm taking this survey from within the United States",On a Reddit post,3.7,5,1,4,4,1
1,4,4,1,2,2,2,5,4,4,3,4,3,2,4,2,3,4,3,3,2,2,2,2,3,4,4,2,3,2,4,3,4,1,3,4,4,5,4,3,4,4,4,4,3,3,3,3,2,3,1,2,3,3,3,2,2,1,4,3,4,4,2,2,4,3,10%-20%,Disagree,Agree,Disagree,Disagree,Disagree,Moderate right,"Online or sent to me, and I'm taking this survey from outside the United States",On a Reddit post,3.1,3.55,3.1818181818181817,3,4,3
4,3,3,4,3,4,3,5,2,3,3,3,3,1,3,3,2,5,3,1,3,1,1,3,5,5,5,5,1,4,3,5,5,2,5,5,5,5,1,1,5,5,5,5,3,3,5,4,3,2,5,3,3,3,3,3,2,3,5,4,5,5,5,5,3,4,10%-20%,Disagree,Agree,Disagree,Disagree,Disagree,Center,None of the above,On SurveySwap.io,2.75,4.8,2.227272727272727,3,4,2
3,3,3,3,3,4,3,5,1,3,2,1,3,3,3,4,2,5,5,1,2,2,3,1,5,5,5,5,1,5,5,5,3,1,4,4,5,5,1,1,5,5,5,5,3,3,5,5,1,1,5,1,4,2,2,3,5,1,5,3,4,5,4,5,1,4,50%-60%,Disagree,Agree,Disagree,Disagree,Disagree,Far left,"Online or sent to me, and I'm taking this survey from within the United States",On a Reddit post,2.6,4.8,1.9090909090909092,3,4,2
1,1,5,5,5,1,1,2,1,4,5,1,1,1,1,5,1,2,5,1,5,1,2,1,1,1,1,1,1,2,1,1,2,5,1,2,3,4,5,4,2,1,1,2,5,5,1,1,5,5,1,5,5,5,5,1,1,1,1,2,1,1,1,1,4,1,60%-70%,Disagree,Agree,Disagree,Disagree,Disagree,Far right,"Online or sent to me, and I'm taking this survey from outside the United States",None of the above,1.4000000000000004,1.75,4.909090909090909,1,2,4
3,3,3,3,3,2,2,5,3,3,4,4,4,2,4,2,2,5,3,3,3,1,4,4,4,5,1,5,1,5,5,5,5,1,5,5,5,5,1,2,5,5,5,5,1,1,5,5,1,1,5,1,1,2,2,5,5,4,5,4,5,5,5,5,2,5,20%-30%,Disagree,Disagree,Agree,Disagree,Disagree,Moderate left,"Online or sent to me, and I'm taking this survey from outside the United States",On a Reddit post,3.25,4.7,1.2272727272727275,3,4,1
3,3,3,1,1,4,2,2,1,4,2,3,5,2,3,3,1,2,5,1,2,1,4,2,5,5,5,5,1,5,5,3,5,1,5,5,5,5,1,1,5,5,5,5,1,1,3,1,2,2,4,3,2,2,1,5,2,2,4,5,4,5,5,5,1,5,50%-60%,Disagree,Agree,Disagree,Disagree,Disagree,Center,"Online or sent to me, and I'm taking this survey from outside the United States",On a Reddit post,2.5,4.9,1.9545454545454541,3,4,2
3,3,4,2,2,3,4,5,3,2,4,4,5,4,4,1,3,5,3,2,2,4,4,3,5,5,5,5,1,5,5,5,5,1,5,4,5,5,2,1,2,5,5,5,1,1,3,3,1,1,5,1,1,2,3,5,5,4,5,5,5,5,5,5,1,5,40%-50%,Disagree,Agree,Disagree,Disagree,Disagree,Moderate left,"Online or sent to me, and I'm taking this survey from within the United States",On SurveySwap.io,3.85,4.75,1.3636363636363633,4,4,1
5,3,3,2,3,3,2,5,5,1,3,5,3,3,3,2,2,5,3,3,2,3,5,5,5,5,5,5,1,5,5,5,5,1,5,3,5,5,1,1,5,5,5,5,1,1,4,4,1,1,5,1,1,1,1,5,5,5,5,5,5,5,5,5,1,5,40%-50%,Disagree,Agree,Disagree,Disagree,Disagree,Far left,"Online or sent to me, and I'm taking this survey from outside the United States",On SurveySwap.io,3.7,4.9,1.0909090909090908,4,4,1
4,3,4,1,2,4,5,5,5,2,4,4,4,4,4,2,5,4,2,4,2,5,4,4,5,5,4,5,5,5,5,5,5,1,5,5,5,5,5,1,5,5,5,5,1,1,5,4,1,1,5,1,2,1,1,4,5,4,5,4,5,5,5,5,1,5,20%-30%,Disagree,Disagree,Disagree,Disagree,Disagree,Far left,"Online or sent to me, and I'm taking this survey from within the United States",On a Reddit post,4.25,4.55,1.2272727272727275,4,4,1
5,3,3,1,3,4,4,4,4,3,4,3,3,3,3,4,2,4,5,3,3,2,4,2,5,5,4,4,1,2,5,2,4,3,2,2,4,5,2,2,5,5,4,5,2,2,4,4,2,2,2,2,3,3,4,4,5,4,5,5,5,5,4,3,3,4,0%-10%,Disagree,Agree,Disagree,Disagree,Disagree,Center,"Online or sent to me, and I'm taking this survey from outside the United States",On SurveySwap.io,3.05,3.95,2.1363636363636362,3,4,2
4,3,4,1,2,4,4,4,3,2,3,4,5,4,4,1,2,4,3,2,2,1,3,4,5,5,5,5,1,4,4,5,5,1,4,2,5,5,1,1,4,4,5,5,1,1,4,4,1,1,5,1,2,3,2,3,4,5,5,5,3,5,4,5,1,4,0%-10%,Disagree,Agree,Disagree,Disagree,Disagree,Far left,"Online or sent to me, and I'm taking this survey from outside the United States",On a Reddit post,3.55,4.6,1.5909090909090908,4,4,2
1,4,5,1,1,5,5,5,5,1,5,5,5,5,5,1,5,5,1,5,1,4,5,5,5,5,5,5,1,5,5,5,5,1,5,5,5,5,1,1,5,5,5,5,1,1,5,5,1,1,5,1,1,1,1,5,5,5,5,5,5,5,5,5,1,5,50%-60%,Agree,Disagree,Agree,Disagree,Disagree,Far left,"Online or sent to me, and I'm taking this survey from within the United States",On a Reddit post,4.95,5,1,4,4,1
3,3,2,2,5,1,3,1,3,5,1,1,1,1,2,3,1,1,5,1,2,1,3,3,3,4,3,4,2,1,3,2,4,2,2,3,4,4,2,4,4,2,4,3,5,5,1,1,4,4,3,4,4,5,3,1,1,2,3,2,1,1,1,1,1,1,60%-70%,Disagree,Agree,Disagree,Unsure,Agree,Center,None of the above,On SurveySwap.io,1.7000000000000002,3.2,4.2727272727272725,2,3,4
2,3,5,1,2,3,5,5,5,2,3,5,1,3,5,1,4,5,4,4,1,5,5,1,5,2,1,5,5,5,5,4,5,3,4,2,5,5,1,2,3,5,3,5,3,4,3,3,2,3,2,1,5,3,2,1,2,5,5,4,3,3,1,3,1,4,60%-70%,Disagree,Unsure,Disagree,Disagree,Disagree,Center,"Online or sent to me, and I'm taking this survey from outside the United States",On a Reddit post,3.95,3.85,2.8636363636363638,4,4,3
4,3,3,2,3,2,2,2,2,4,3,2,1,3,3,3,1,3,4,2,2,1,3,1,5,5,5,5,1,5,5,3,5,4,5,3,5,5,1,1,5,5,5,5,1,5,3,2,1,1,5,1,3,1,1,3,2,2,5,5,5,5,2,5,1,5,30%-40%,Disagree,Agree,Disagree,Disagree,Disagree,Center,"Online or sent to me, and I'm taking this survey from outside the United States",On a Reddit post,2.25,4.65,2,2,4,2
2,3,3,4,3,2,1,2,1,5,1,2,2,1,1,5,1,2,5,1,5,1,1,3,4,5,3,1,2,2,2,1,5,3,2,2,2,3,4,4,1,3,1,1,5,5,1,1,5,5,1,5,5,5,5,1,1,1,3,3,1,4,1,1,1,1,60%-70%,Disagree,Agree,Disagree,Agree,Agree,Moderate right,"Online or sent to me, and I'm taking this survey from outside the United States",On SurveySwap.io,1.4500000000000002,2.45,4.5,1,2,4
1,5,5,1,5,5,1,1,1,5,5,5,3,1,1,5,1,5,5,1,5,1,1,1,1,1,1,1,5,1,1,1,3,5,1,1,1,3,1,5,5,1,1,5,5,1,1,1,1,5,1,1,5,5,5,1,1,1,1,1,1,1,1,1,1,1,30%-40%,Disagree,Disagree,Disagree,Disagree,Disagree,Center,"Online or sent to me, and I'm taking this survey from within the United States",On SurveySwap.io,1.9000000000000004,1.7999999999999998,4.2727272727272725,2,2,4
2,3,3,2,3,2,3,4,3,3,3,3,3,2,3,5,2,3,3,3,3,2,3,3,3,3,3,3,3,3,3,3,3,3,3,3,4,4,2,3,2,3,3,4,3,3,2,3,3,3,3,3,4,3,5,1,3,4,3,3,3,3,3,3,4,3,90%-100%,Disagree,Agree,Disagree,Disagree,Disagree,Center,None of the above,On SurveySwap.io,2.75,3.15,3.272727272727273,3,3,3
5,3,4,1,2,5,4,4,2,3,4,4,5,4,5,3,4,4,1,4,3,3,5,4,5,5,5,5,1,5,5,5,5,1,5,3,5,5,1,1,5,5,5,5,2,2,4,4,2,1,5,1,2,2,3,5,5,5,5,5,5,5,5,5,1,5,20%-30%,Disagree,Disagree,Agree,Disagree,Disagree,Moderate left,"Online or sent to me, and I'm taking this survey from outside the United States",On SurveySwap.io,3.95,4.9,1.4090909090909092,4,4,1
1,5,1,5,4,5,2,4,1,4,1,1,5,1,5,2,1,1,5,1,4,5,5,1,5,5,5,NA,NA,1,5,NA,5,1,NA,NA,5,5,1,NA,5,5,NA,3,1,NA,3,3,1,NA,5,1,2,1,NA,2,5,5,NA,5,5,5,4,2,1,5,40%-50%,Disagree,Agree,Disagree,Disagree,Disagree,Center,"Online or sent to me, and I'm taking this survey from within the United States",On a Reddit post,2.5,4.538461538461538,1.666666666666667,3,4,2
3,3,3,3,3,2,1,5,2,4,2,3,3,3,3,4,2,5,4,1,3,1,2,2,5,5,5,5,1,5,4,5,5,1,5,5,5,5,1,1,5,5,5,5,2,2,3,3,1,1,5,1,4,3,3,4,5,5,5,5,5,5,5,5,3,3,20%-30%,Disagree,Disagree,Disagree,Disagree,Disagree,Moderate left,None of the above,On SurveySwap.io,2.45,4.95,1.8181818181818183,2,4,2
2,3,4,3,2,3,2,5,4,4,3,1,4,2,3,2,3,5,3,2,2,2,4,2,4,5,5,3,2,4,4,2,5,1,4,2,5,5,2,3,5,4,4,4,3,3,3,3,2,2,3,1,2,2,NA,3,4,4,5,4,3,4,3,3,3,4,0%-10%,Disagree,Agree,NA,Disagree,Disagree,Moderate left,"Online or sent to me, and I'm taking this survey from outside the United States",On a Reddit post,3.1,4.05,2.380952380952381,3,4,2
1,4,4,1,1,5,2,5,3,1,5,4,5,5,4,1,4,5,1,4,1,5,5,5,5,3,5,5,1,5,5,4,5,1,5,3,5,5,1,1,4,5,5,4,1,1,5,5,1,1,5,1,2,1,1,5,5,5,5,5,5,3,5,5,2,5,60%-70%,Unsure,Disagree,Agree,Disagree,Disagree,Moderate left,"Online or sent to me, and I'm taking this survey from within the United States",On a Reddit post,4.55,4.65,1.1818181818181817,4,4,1
4,4,2,2,2,2,4,5,2,2,4,3,4,3,3,3,2,5,4,2,2,3,3,3,2,4,2,5,1,5,4,2,4,2,2,2,3,4,2,2,3,4,5,4,2,2,4,2,2,1,4,2,2,3,2,4,5,4,4,3,4,2,2,4,2,4,50%-60%,Disagree,Unsure,Unsure,Disagree,Disagree,Center,"Online or sent to me, and I'm taking this survey from outside the United States",On a Reddit post,3.25,3.6,2.272727272727273,3,4,2
2,5,3,2,3,5,4,5,5,3,5,3,5,3,5,2,2,5,3,3,1,3,5,5,5,5,5,5,1,5,5,5,5,1,5,3,5,5,1,2,5,5,5,5,1,1,3,3,1,1,5,1,2,2,2,5,5,5,5,5,5,5,5,5,1,5,50%-60%,Disagree,Disagree,Disagree,Disagree,Disagree,Far left,"Online or sent to me, and I'm taking this survey from outside the United States",On SurveySwap.io,4.05,4.85,1.3181818181818183,4,4,1
2,5,4,1,1,3,5,5,5,1,5,5,5,4,5,1,5,5,3,5,1,3,5,5,5,5,5,5,1,5,5,5,5,2,5,4,5,5,1,1,5,5,5,5,2,2,5,4,1,1,5,1,2,1,1,4,5,4,5,5,5,5,5,5,1,5,50%-60%,Disagree,Disagree,Disagree,Disagree,Disagree,Far left,"Online or sent to me, and I'm taking this survey from within the United States",On a Reddit post,4.65,4.9,1.2727272727272725,4,4,1
3,3,3,1,2,4,4,5,4,3,3,5,3,3,3,3,3,5,3,4,3,2,5,3,4,5,4,4,1,4,5,5,5,1,4,3,4,5,1,2,5,5,5,4,2,4,3,4,2,3,5,2,2,4,2,4,4,4,3,4,5,5,5,5,2,4,40%-50%,Disagree,Agree,Disagree,Disagree,Disagree,Moderate left,"Online or sent to me, and I'm taking this survey from within the United States",On a Reddit post,3.6,4.5,2.090909090909091,4,4,2
3,2,4,2,3,3,3,4,3,3,3,3,4,3,3,3,2,4,3,3,3,4,3,2,4,4,3,4,2,3,4,4,3,3,3,2,3,4,3,3,4,4,4,2,3,3,3,2,2,3,4,3,2,3,2,2,4,2,4,3,3,4,4,4,2,4,50%-60%,Disagree,Agree,Disagree,Disagree,Disagree,Center,"Online or sent to me, and I'm taking this survey from outside the United States",On a Reddit post,3.1,3.4,2.6363636363636362,3,3,3
2,4,3,1,2,2,3,5,5,3,4,4,4,3,4,1,2,5,3,3,2,4,5,3,4,5,4,5,5,5,4,5,5,4,5,5,5,5,1,1,3,5,5,4,1,5,5,5,2,2,5,2,3,4,3,4,5,4,5,4,5,5,4,5,3,4,70%-80%,Disagree,Disagree,Disagree,Disagree,Disagree,Far left,"Online or sent to me, and I'm taking this survey from outside the United States",On a Reddit post,3.75,4.35,1.9545454545454541,4,4,2
5,5,4,2,2,3,4,5,4,3,4,4,3,3,4,3,3,5,3,4,3,4,3,4,4,3,3,4,2,4,3,3,3,3,3,4,4,4,3,3,5,4,3,3,3,3,3,3,2,2,4,1,2,3,3,3,3,3,5,4,4,3,3,4,3,3,40%-50%,Disagree,Agree,Disagree,Disagree,Unsure,Center,"Online or sent to me, and I'm taking this survey from outside the United States",On a Reddit post,3.65,3.5,2.5,4,4,3
3,5,5,1,2,4,4,5,5,2,4,5,5,5,5,2,2,5,3,4,2,2,5,5,5,5,5,5,1,5,5,5,5,2,5,4,5,5,1,1,4,5,5,5,3,3,5,4,2,3,5,2,4,3,2,4,4,4,5,5,5,5,5,2,1,3,60%-70%,Disagree,Agree,Disagree,Disagree,Disagree,Moderate left,"Online or sent to me, and I'm taking this survey from outside the United States",On a Reddit post,4.2,4.85,2.0454545454545454,4,4,2
3,NA,3,3,3,3,2,3,3,3,3,2,3,3,2,3,3,4,3,3,3,3,3,3,4,5,4,5,1,3,5,4,5,2,2,5,3,5,1,1,3,4,4,4,5,5,3,4,3,3,3,4,3,4,4,3,5,3,4,4,3,5,4,5,2,3,0%-10%,Disagree,Disagree,Disagree,Disagree,Disagree,Moderate left,"Online or sent to me, and I'm taking this survey from outside the United States",On a Reddit post,2.9,4.2,2.8181818181818183,3,4,3
1,3,3,1,3,3,3,5,2,3,3,3,3,3,3,3,3,5,3,3,3,1,3,2,3,3,3,3,3,4,3,3,1,5,1,1,5,5,5,1,4,1,3,4,5,5,1,1,2,3,3,3,3,5,3,1,4,1,1,3,3,3,1,3,3,1,70%-80%,Disagree,Agree,Disagree,Disagree,Disagree,Center,"Online or sent to me, and I'm taking this survey from within the United States",On a Reddit post,3,2.85,3.8181818181818183,3,3,4
4,4,4,1,2,5,5,5,4,1,4,5,5,5,5,4,5,5,3,5,3,5,5,4,5,5,5,5,5,5,5,5,5,1,5,5,5,5,1,1,5,5,5,5,1,1,5,5,1,1,5,1,1,1,1,5,5,5,5,5,5,5,5,5,3,5,10%-20%,Disagree,Agree,Disagree,Disagree,Disagree,Moderate left,None of the above,On SurveySwap.io,4.45,4.8,1.0909090909090908,4,4,1
3,3,5,2,3,4,4,5,3,3,5,4,4,3,2,3,4,5,3,5,3,4,4,3,3,3,2,5,3,3,5,5,3,3,5,3,4,3,2,3,5,5,3,5,3,3,3,3,3,3,3,3,3,3,3,3,5,3,4,3,3,3,4,5,3,4,0%-10%,Unsure,Unsure,Unsure,Unsure,Unsure,Center,None of the above,On SurveySwap.io,3.7,3.75,2.6818181818181817,4,4,3
3,3,3,3,3,3,2,3,3,4,3,4,4,3,3,3,1,3,4,2,3,2,4,4,5,5,5,5,1,5,5,5,5,1,5,4,5,5,1,1,5,5,5,5,1,1,5,5,1,1,5,1,2,1,1,5,5,3,5,5,5,5,5,5,1,5,60%-70%,Disagree,Agree,Disagree,Disagree,Disagree,Far left,"Online or sent to me, and I'm taking this survey from outside the United States",On SurveySwap.io,2.85,4.95,1.1363636363636367,3,4,1
3,3,1,1,5,1,3,2,3,4,1,3,3,1,1,2,1,4,5,1,4,1,2,1,5,5,5,5,1,3,5,5,5,1,3,5,5,5,1,1,5,5,5,5,2,2,5,4,1,3,3,1,3,3,4,2,4,5,5,4,5,5,3,5,1,4,80%-90%,Disagree,Agree,Disagree,Disagree,Disagree,Far left,None of the above,On SurveySwap.io,1.9000000000000004,4.8,2,2,4,2
2,2,3,3,4,2,2,NA,3,4,2,3,4,3,2,4,2,4,5,1,4,1,3,2,5,4,3,5,1,3,4,4,5,5,3,3,4,5,1,2,5,5,4,5,2,2,3,5,4,2,4,2,4,3,3,4,3,2,4,5,5,4,3,5,3,4,20%-30%,Disagree,Agree,Disagree,Disagree,Disagree,Moderate left,"Online or sent to me, and I'm taking this survey from within the United States",On SurveySwap.io,2.263157894736842,4.1,2.3636363636363638,2,4,2
2,1,4,3,3,4,2,4,4,1,3,2,3,2,1,3,4,2,3,3,3,3,4,1,3,2,5,4,4,5,3,4,5,3,4,2,5,5,2,3,1,5,2,5,4,4,2,1,5,2,5,5,5,5,5,2,2,1,4,4,4,2,4,2,4,3,40%-50%,Disagree,Agree,Disagree,Disagree,Disagree,Center,None of the above,None of the above,2.95,3.6,3.6818181818181817,3,4,4
2,4,3,4,3,4,4,4,3,1,4,4,4,3,3,4,4,4,1,4,2,4,4,2,3,4,3,2,4,2,3,4,3,2,3,3,3,2,4,3,4,2,3,3,4,4,2,4,3,2,3,3,4,4,3,3,4,3,3,3,3,2,2,2,2,3,30%-40%,Agree,Unsure,Agree,Disagree,Unsure,Center,"Online or sent to me, and I'm taking this survey from outside the United States",On a Reddit post,3.7,2.9,3.1818181818181817,4,3,3
1,4,5,1,1,5,5,5,5,1,5,5,5,5,5,1,5,5,1,5,1,3,5,5,5,5,5,5,1,5,5,5,5,1,5,3,5,5,1,1,5,5,5,5,1,1,5,5,1,1,5,1,1,1,1,5,5,5,5,5,5,5,5,5,1,5,60%-70%,Disagree,Disagree,Agree,Disagree,Disagree,Far left,"Online or sent to me, and I'm taking this survey from within the United States",On a Reddit post,4.9,4.9,1,4,4,1
2,2,2,1,1,5,3,4,4,1,5,2,5,3,3,1,5,4,3,5,1,3,5,3,5,5,5,4,1,5,NA,2,5,4,3,1,5,5,1,1,5,5,5,5,1,1,5,5,1,1,2,1,1,1,1,4,3,5,5,5,5,5,5,4,1,4,30%-40%,Disagree,Agree,Disagree,Disagree,Disagree,Moderate right,"Online or sent to me, and I'm taking this survey from within the United States",On a Reddit post,4.1,4.315789473684211,1.3636363636363633,4,4,1
